{
  "train_loss": [
    0.8926445257663727,
    0.81568563469251,
    0.788518545528253,
    0.7800266326665878,
    0.6772588051160177,
    0.6243730739156406,
    0.6012183356583118,
    0.582675653219223,
    0.559076478322347,
    0.5542610689401627,
    0.5476858116189639,
    0.5416215906590224
  ],
  "val_loss": [
    0.7791885595321655,
    0.7872393908500671,
    0.7408910993337631,
    0.7547565121650696,
    0.6148053331971168,
    0.5898277150988579,
    0.5750813004374504,
    0.5616519654393196,
    0.5543702813982964,
    0.5555529195666313,
    0.5565652027726173,
    0.5465110309123993
  ],
  "loss_cls": [
    0.1417231927687923,
    0.13376271816591423,
    0.1302860447516044,
    0.1281559290314714,
    0.10711774823442101,
    0.0956098806982239,
    0.0910355591016511,
    0.08742135989541809,
    0.08430780587469539,
    0.08247893863171339,
    0.08251514923572541,
    0.08081812320401272
  ],
  "loss_box": [
    0.1366718073139588,
    0.13350437832127016,
    0.13204520996908348,
    0.12917962065090735,
    0.11841777178396781,
    0.11114550484344363,
    0.10886237348616123,
    0.10731609816538791,
    0.10558959777529041,
    0.104360503838708,
    0.10408951960441967,
    0.1032343158920606
  ],
  "loss_mask": [
    0.4181411909262339,
    0.38120875469843546,
    0.365548941463232,
    0.36389800401528677,
    0.32752156764268875,
    0.3115593205392361,
    0.30362173493703204,
    0.2975876747344931,
    0.2855900618930658,
    0.28581359838321807,
    0.2809898975739876,
    0.27978606919695936
  ],
  "lr": [
    0.005,
    0.005,
    0.005,
    0.0025,
    0.0005,
    0.0005,
    0.0005,
    0.00025,
    0.00025,
    0.00025,
    0.00025,
    0.000125
  ]
}